monthly_income,num_active_loans,emi_to_income_ratio,credit_history_months,num_late_payments,employment_months,loan_amount,age,geography,gender,default
48393.59,2,0.2294,135,2,51,967207.58,30,2,1,0
26423.45,1,0.3363,83,1,49,492685.11,45,1,1,0
59142.38,0,0.2448,78,2,58,1169285.31,40,2,1,0
64424.81,3,0.519,59,2,45,647831.61,42,2,1,0
17536.4,1,0.1049,53,1,46,393112.02,31,1,1,0
23482.7,2,0.3816,48,2,45,468171.13,28,0,0,0
44691.03,1,0.2575,138,3,32,318896.93,37,2,1,0
36595.88,1,0.0591,59,1,31,322195.52,45,2,0,1
41874.8,1,0.2913,84,0,25,469967.72,35,1,1,1
28742.45,1,0.303,93,3,60,760668.7,29,2,0,0
62675.7,4,0.4441,92,2,9,741603.75,24,1,0,0
59874.52,1,0.406,72,2,46,268064.11,38,1,1,0
43465.11,3,0.4948,134,1,66,321599.11,30,1,1,1
70070.6,3,0.4672,80,2,76,334385.56,35,0,1,0
52071.82,3,0.1094,47,0,7,711725.03,34,1,0,0
28661.74,2,0.145,55,0,33,662994.23,32,1,0,0
49808.35,3,0.1057,27,0,26,737684.46,39,0,0,0
27405.6,5,0.3504,76,1,31,661457.82,42,0,1,1
62648.98,1,0.4293,87,1,85,322059.83,56,2,0,0
41255.24,1,0.1801,91,1,26,630105.62,44,2,0,0
38824.7,2,0.1975,83,3,66,888689.98,52,2,1,0
31057.07,2,0.1745,60,2,46,627145.73,28,0,1,0
73140.94,0,0.1139,65,2,30,1789598.94,21,2,1,0
39358.28,3,0.5772,65,2,28,416097.08,36,0,1,1
34795.82,1,0.2298,104,1,49,557443.58,45,0,0,0
36009.57,2,0.3525,22,0,40,729016.75,43,2,1,0
53612.59,0,0.5544,51,0,12,431246.72,48,1,1,0
49734.29,4,0.5134,38,5,22,1172702.69,21,2,1,1
50803.96,0,0.0953,160,1,50,582989.78,49,0,0,0
51219.19,2,0.2294,114,3,18,319575.72,39,0,1,0
110607.31,1,0.3035,53,2,72,2475040.98,21,1,0,1
35140.63,1,0.4741,31,2,15,735157.11,43,0,0,0
33506.37,2,0.2676,35,0,36,844639.03,38,0,0,1
29254.9,5,0.1184,103,3,61,743360.91,40,0,1,1
55669.67,3,0.22,27,1,21,594809.2,46,0,0,0
70125.2,1,0.022,66,1,17,1359917.48,40,2,0,0
40083.64,2,0.3137,95,3,55,1121498.34,21,0,0,0
28909.62,3,0.3584,33,0,67,284798.96,35,1,1,0
29114.26,4,0.2425,65,1,37,446875.98,21,1,0,0
56543.57,1,0.4203,53,1,32,1461311.59,42,1,1,1
58951.15,0,0.1319,50,0,14,381644.51,50,1,0,1
53874.87,1,0.339,45,0,44,1415723.71,24,1,0,0
31273.32,0,0.1868,99,2,11,491483.19,29,2,0,0
46839.05,0,0.1742,126,1,86,1191256.64,27,0,0,0
44467.27,2,0.1653,57,1,38,841005.58,31,2,1,0
46555.94,2,0.3349,78,1,23,936447.26,40,0,0,1
62451.34,0,0.2756,66,1,28,1408381.23,32,1,1,0
46658.85,4,0.2563,23,1,46,261815.25,43,1,1,0
57268.79,2,0.3573,56,1,31,1091911.98,47,0,0,0
43495.41,3,0.2205,21,2,41,1138470.21,47,0,0,1
48055.11,1,0.2303,51,1,21,1294939.54,25,0,1,0
56054.5,1,0.4822,65,3,77,1526908.57,50,0,1,1
21900.83,0,0.1197,92,0,29,427065.97,51,1,1,0
36539.46,0,0.1443,75,0,8,701516.8,52,0,0,0
34143.66,0,0.471,100,2,33,589291.01,34,2,1,0
31650.37,0,0.3894,41,3,26,588104.32,28,2,1,0
37279.02,3,0.1964,118,3,74,696775.84,26,0,0,0
82679.22,2,0.1685,126,4,23,414867.67,25,0,1,0
28577.53,3,0.173,20,2,31,175263.44,36,1,0,0
65233.29,1,0.4051,26,2,47,1230691.17,44,2,0,0
19785.58,2,0.2139,64,3,58,228349.21,49,1,0,0
36290.15,3,0.1389,49,2,89,407691.27,31,0,1,0
45398.71,0,0.3867,53,3,24,392361.74,36,2,1,0
54929.18,2,0.111,74,1,84,1275767.58,35,1,0,0
58107.61,3,0.2109,102,1,73,1577266.3,30,1,1,0
60295.11,1,0.4334,40,2,26,1149598.12,43,2,1,0
36064.84,1,0.3042,110,1,24,962573.38,40,2,0,0
34267.12,2,0.5963,45,2,53,863984.53,37,1,0,0
62074.41,0,0.2314,171,0,41,572962.19,40,0,0,0
38712.32,1,0.2232,118,2,52,297489.5,42,1,1,1
23764.33,1,0.1946,47,2,34,215734.59,42,0,1,0
25336.99,2,0.3488,31,2,43,159851.72,28,1,0,0
27896.22,1,0.2623,47,2,38,501827.89,45,0,0,0
52771.28,1,0.3299,43,3,52,569064.4,39,1,1,0
44985.32,0,0.138,86,1,23,1165569.77,32,2,1,1
57567.79,1,0.3671,20,2,45,1077771.79,38,2,0,0
34812.66,0,0.3332,26,1,88,439706.6,39,2,1,0
45312.71,1,0.2733,85,4,85,1252052.51,47,0,1,1
55910.96,0,0.1733,42,1,48,1502700.26,26,0,1,1
36709.62,0,0.4654,51,2,23,832822.49,49,1,0,1
51820.9,2,0.3691,95,1,112,1191901.9,36,0,0,0
31323.8,0,0.2996,104,1,52,859978.62,31,0,0,0
35833.04,1,0.0906,116,0,106,659720.36,31,2,1,0
35533.03,1,0.2816,91,2,53,892606.63,26,1,1,1
24633.74,2,0.2937,59,2,6,136861.72,21,0,1,0
52529.89,0,0.172,56,2,111,908635.79,43,1,0,0
34158.58,0,0.1826,53,0,67,548600.12,56,2,0,0
42430.48,1,0.3928,33,2,42,208137.34,21,1,0,0
52382.93,5,0.2494,39,0,12,318846.9,26,0,1,0
51582.57,1,0.1368,108,1,71,233366.45,44,1,1,0
56921.21,3,0.2316,45,6,53,629341.39,36,2,1,1
40363.51,4,0.0968,34,1,129,213291.69,44,0,0,0
34874.66,2,0.2262,113,1,100,493679.84,35,1,1,0
40705.84,1,0.6472,29,1,104,956827.93,30,2,1,0
19745.87,0,0.2667,72,1,48,369877.92,34,2,1,0
22000.04,2,0.3229,17,1,46,443761.81,21,0,0,0
23266.86,1,0.2545,139,3,53,110660.91,25,2,1,0
26936.54,4,0.1183,132,0,27,650480.56,45,0,1,0
50508.57,2,0.2494,35,1,43,379247.13,48,0,1,0
28072.18,2,0.2324,62,2,38,316194.43,50,0,1,0
35590.24,1,0.4575,38,2,82,583788.69,40,1,0,1
75709.03,0,0.1822,38,0,92,1992649.76,21,0,0,0
35942.7,0,0.4123,52,2,62,1004798.96,30,2,0,0
58799.11,2,0.1587,87,2,25,1339670.49,49,2,0,0
27718.96,2,0.3163,88,1,115,596055.87,52,0,1,0
38466.89,4,0.1042,82,1,71,641026.68,50,2,1,0
27515.1,3,0.3316,58,2,51,549615.58,34,2,0,0
36222.48,0,0.1616,90,1,59,270443.54,23,0,1,0
61582.85,0,0.0666,33,3,16,644200.12,36,2,0,0
19393.74,2,0.1438,73,1,38,535876.85,36,2,0,0
51302.29,3,0.3083,66,5,86,1411364.97,52,2,1,0
46956.69,0,0.265,57,0,16,551803.94,38,1,0,0
32293.86,3,0.0716,74,2,15,316000.81,36,2,1,0
22010.48,1,0.3068,19,1,71,209285.19,37,2,0,0
43584.56,0,0.2387,38,3,56,681520.69,40,0,0,1
33247.28,3,0.149,84,0,16,311540.26,42,0,1,0
46849.91,2,0.1791,65,0,36,916567.79,29,1,0,0
42609.54,2,0.274,28,3,51,246951.07,25,1,1,0
86751.28,0,0.2345,64,0,48,562864.31,50,0,1,0
37884.22,4,0.1653,49,4,54,403331.42,21,0,0,0
26620.21,1,0.1893,110,1,34,603177.78,52,2,1,0
45737.51,1,0.1335,35,2,49,537825.05,21,2,1,0
46583.35,2,0.175,35,1,62,712706.78,30,0,0,0
77779.6,2,0.0817,79,0,59,1536841.52,46,0,1,0
61439.0,2,0.0722,60,2,35,1408486.46,36,0,1,0
49542.79,0,0.1532,58,1,65,563332.04,23,0,1,0
81510.43,2,0.3296,171,2,23,1756000.93,40,1,0,0
24712.31,0,0.2359,89,3,28,268514.47,37,0,0,0
31637.92,2,0.3196,55,0,71,615901.45,34,2,1,1
27806.94,0,0.2456,26,5,64,412130.05,30,0,0,1
35404.19,0,0.2964,53,2,37,928973.06,36,0,1,0
22708.42,1,0.1527,33,0,28,626076.73,30,2,0,1
56152.02,4,0.1493,40,3,30,1267853.9,60,1,0,1
38177.43,3,0.2275,40,1,60,991511.54,34,1,1,0
21766.71,1,0.3362,105,4,54,158376.82,32,0,0,0
26715.24,3,0.1319,29,1,27,526480.81,31,1,0,1
48585.54,2,0.1819,100,3,64,425649.68,54,1,1,0
61522.42,0,0.1718,80,1,36,655044.23,21,2,0,0
103624.48,2,0.5839,80,2,23,1714752.84,40,1,0,0
156566.81,0,0.2668,39,3,32,3000000.0,34,2,1,0
50842.31,1,0.2521,94,1,45,1083747.54,22,1,1,0
27030.14,3,0.1708,36,0,63,672159.16,28,2,1,1
16164.6,1,0.02,127,0,61,281629.37,39,1,0,1
47594.39,2,0.3785,107,0,40,1248506.66,27,1,0,0
29265.85,2,0.0964,137,0,48,740698.89,39,1,0,0
34999.51,6,0.2015,66,1,38,853196.25,53,1,0,1
32034.11,5,0.0942,60,1,27,304595.74,38,0,0,0
39602.36,2,0.3922,52,2,41,663527.79,21,1,0,1
68165.31,1,0.3393,169,3,12,1477120.4,28,0,1,0
45282.32,0,0.0715,87,2,93,1241933.63,33,1,0,0
39285.64,0,0.1318,33,0,48,168124.25,32,0,1,0
26474.99,3,0.2469,119,0,55,313748.46,38,0,0,1
19858.6,0,0.0247,58,1,28,242600.78,39,0,0,0
33899.7,0,0.0342,13,0,47,370348.45,53,0,0,1
41183.7,1,0.1775,43,2,52,972684.2,36,0,1,0
93486.14,1,0.3674,107,0,37,475069.87,24,0,0,0
44740.01,3,0.1691,81,2,38,564906.83,48,1,1,0
65659.19,0,0.3857,89,1,18,1384123.89,49,1,1,0
33702.15,0,0.2568,119,1,110,463800.7,38,2,0,0
24754.82,0,0.186,23,1,27,184609.68,34,2,1,0
27328.83,3,0.3634,44,3,30,509968.52,42,0,1,1
30444.12,0,0.1217,66,1,96,503626.35,34,1,0,0
109953.34,4,0.3265,108,1,57,3000000.0,21,1,0,0
29154.83,0,0.4201,36,4,63,640375.11,42,1,1,1
61532.46,1,0.1763,54,1,17,1702493.91,45,1,1,0
28104.44,3,0.0592,64,1,47,238113.82,50,1,0,0
64164.66,0,0.02,42,0,17,1429478.25,29,1,1,0
50172.78,2,0.1556,64,1,25,864944.48,38,1,1,1
39320.96,1,0.1799,60,1,118,829681.18,38,2,0,0
41425.71,1,0.2222,48,3,22,630550.4,37,0,1,0
31424.58,1,0.2552,94,0,62,285881.3,37,2,1,0
51571.91,0,0.2058,86,0,23,262897.11,36,2,1,0
34380.93,2,0.1373,96,0,25,829230.92,38,0,0,1
24305.97,3,0.1063,100,1,158,572536.93,43,2,1,0
23740.27,1,0.0819,134,0,40,187570.78,48,2,0,0
45600.07,1,0.2757,27,2,16,888487.37,28,1,0,0
85870.11,1,0.3568,29,1,63,1863862.98,34,0,1,1
45342.33,3,0.1102,90,0,83,788185.65,32,2,0,0
39999.12,0,0.3295,51,1,66,464529.54,30,1,0,0
47983.95,3,0.1772,47,4,38,1206446.02,21,0,0,1
75940.15,3,0.2968,44,2,39,1474649.48,36,1,1,1
46570.48,3,0.4023,97,2,31,991262.91,41,1,0,0
35069.35,2,0.2369,164,1,20,689138.94,34,0,1,0
69413.03,2,0.0961,100,0,51,1479256.15,36,2,1,0
51171.62,1,0.0842,50,1,37,382846.19,40,0,1,0
84211.79,0,0.2326,95,3,18,2201486.94,50,1,0,0
45819.06,3,0.1209,28,0,41,497570.24,32,1,0,0
24318.41,0,0.3855,11,0,27,585519.92,24,0,0,0
22795.73,1,0.1642,57,4,50,579951.11,35,2,1,0
88691.34,0,0.2584,23,3,47,1740954.89,55,1,1,0
91642.42,1,0.2748,51,0,34,1682483.24,24,1,1,0
38918.16,3,0.4936,70,3,42,257527.6,43,1,1,1
35509.86,1,0.1547,179,1,44,513803.16,48,2,1,1
81442.29,0,0.2485,112,2,71,1521298.4,21,2,1,0
25637.96,1,0.2808,23,1,41,152926.92,40,0,0,0
28208.34,0,0.1955,25,1,31,188293.14,42,1,1,0
56358.99,2,0.1744,43,1,36,1569234.38,33,1,1,1
35327.88,4,0.1194,146,1,105,423002.58,30,2,1,0
42095.46,1,0.3235,24,0,24,521713.43,30,2,1,0
39200.73,1,0.3328,44,1,37,393445.97,33,1,0,0
49114.45,1,0.3031,44,5,37,957951.52,33,2,0,1
79488.44,1,0.4753,79,2,38,1220451.25,31,1,1,0
43948.04,1,0.2811,96,4,13,1009501.45,33,0,0,0
56374.51,0,0.1168,86,0,20,918897.59,48,1,0,0
16771.27,1,0.2112,73,1,36,73290.17,24,1,0,0
41277.66,1,0.0888,28,1,30,643291.59,21,1,0,0
28869.66,4,0.1652,67,1,50,153716.34,48,1,0,0
24380.38,5,0.4324,121,3,77,581298.38,34,2,1,1
28419.52,0,0.3128,140,1,52,191200.66,32,2,1,0
36302.59,0,0.1238,78,2,45,334234.21,35,0,0,0
63713.78,2,0.5216,24,5,55,958202.1,38,1,0,1
23228.22,3,0.0952,78,0,48,201723.57,31,2,0,0
42778.21,1,0.2449,59,3,42,724717.62,41,0,0,0
33932.34,5,0.3695,26,3,70,510911.14,26,2,0,1
36408.12,1,0.374,35,0,3,977941.86,33,1,1,0
66253.33,2,0.1062,39,2,35,405534.35,21,0,1,1
53752.85,1,0.1262,90,2,20,959035.17,48,2,1,0
77020.67,0,0.1645,137,2,30,1639738.6,34,1,1,0
39358.7,0,0.1808,83,3,27,277992.43,43,0,1,1
30847.96,4,0.3521,91,1,121,594597.19,41,0,0,0
38149.33,0,0.1472,62,0,79,943880.76,41,2,1,0
47057.41,2,0.2042,47,3,45,1077677.46,36,2,1,1
45681.93,0,0.1325,84,2,28,1208017.27,40,1,0,1
25900.7,2,0.2811,74,3,69,551531.03,26,0,0,1
43946.15,2,0.1982,41,1,44,591325.56,24,0,1,1
46756.23,1,0.2035,71,1,35,1219908.95,35,1,1,0
130988.3,1,0.4488,64,1,45,1232411.64,29,1,0,0
98182.19,3,0.0563,54,2,36,1768148.72,50,1,0,0
28739.87,0,0.1164,46,2,55,643077.22,40,0,0,0
37074.23,2,0.2645,78,1,18,924436.67,29,1,0,0
21838.97,1,0.1426,48,2,54,567747.85,33,1,1,0
32343.94,1,0.1944,164,3,36,195338.47,37,1,1,0
48631.28,2,0.2905,82,3,70,1041945.63,35,0,1,0
72593.75,0,0.3418,78,3,80,645975.72,39,1,1,0
30391.32,0,0.1946,58,2,90,689848.49,37,1,0,0
31433.65,1,0.3096,52,2,139,654340.16,22,1,0,0
16054.11,4,0.1556,20,4,126,134091.23,21,0,1,1
39214.44,2,0.2201,42,0,88,940673.02,32,0,0,0
26158.08,2,0.2464,23,1,69,394540.57,42,1,1,0
33248.08,1,0.2802,23,1,20,566964.44,32,0,1,1
28436.04,0,0.2266,32,3,8,776693.2,48,1,0,1
40440.29,1,0.0439,114,0,74,799060.27,36,1,0,0
19130.18,3,0.3091,114,0,25,346744.29,50,0,1,0
21803.58,1,0.545,43,3,174,95986.06,48,1,0,0
109991.81,0,0.3363,27,1,15,965855.26,47,1,1,0
23639.16,2,0.1074,50,0,67,109628.25,24,0,1,0
25756.61,2,0.4041,90,2,47,309066.37,36,2,1,0
96433.71,0,0.3141,103,3,16,1183068.06,48,1,0,0
155948.36,2,0.3711,71,1,47,2608692.01,39,2,0,0
24904.28,3,0.1709,77,0,27,511893.63,42,0,0,1
35749.37,0,0.4416,73,5,40,296872.94,22,2,0,0
49202.51,2,0.2643,24,0,41,907279.9,55,2,0,0
91850.17,1,0.3065,29,4,27,2388786.92,28,0,1,0
27062.77,5,0.1277,140,2,34,228414.89,21,1,0,0
37783.39,3,0.1953,70,0,25,748795.56,32,1,1,0
59862.28,0,0.4404,17,3,12,304946.81,21,1,1,0
51310.19,1,0.4259,79,1,45,859319.7,25,1,0,0
35622.39,2,0.2876,38,0,88,776459.27,62,2,1,0
39726.74,2,0.243,107,1,26,191363.79,32,2,1,0
22726.73,3,0.02,101,2,112,272901.84,22,2,0,0
37904.37,5,0.1415,87,0,125,950299.36,36,2,0,0
37426.18,3,0.2052,70,1,32,352237.02,27,2,1,0
46839.23,2,0.1643,120,0,37,999970.29,45,2,1,0
32863.0,4,0.1886,126,1,33,614331.72,27,1,0,0
52166.32,2,0.1728,38,2,20,413600.87,39,2,0,1
66550.88,2,0.0677,87,2,37,1450874.53,25,1,0,0
45249.33,1,0.4637,46,0,35,758828.76,62,0,0,0
49428.89,2,0.2222,35,1,45,330611.03,41,1,1,0
43214.0,2,0.1613,126,1,46,1157483.39,35,0,0,0
42194.2,2,0.2073,94,2,19,666967.41,33,2,0,0
30494.42,1,0.1781,73,2,60,667277.0,30,1,0,0
48650.75,3,0.0966,40,2,37,448793.71,28,1,1,1
40385.3,2,0.0901,128,1,22,294505.61,28,0,0,0
108220.46,1,0.0996,194,1,36,2358271.33,53,1,0,0
85648.73,4,0.1799,37,0,47,1727687.42,30,1,0,0
50193.0,2,0.2305,33,1,97,530970.94,21,1,1,0
29930.23,0,0.2356,64,2,88,655795.34,24,1,0,0
25576.13,3,0.1794,90,2,31,412282.49,45,1,1,0
72114.78,0,0.1546,53,0,38,891795.5,33,0,1,0
47488.23,4,0.169,240,3,25,1086787.29,35,1,0,0
52368.71,1,0.1933,69,0,52,984677.62,48,1,1,0
19243.65,0,0.1523,46,1,32,311255.24,28,2,1,0
64045.39,0,0.1931,49,2,38,1444516.23,42,2,0,0
51766.02,1,0.3427,148,1,75,883950.31,29,2,0,0
25598.94,0,0.2544,61,1,19,679007.42,42,0,0,0
34125.97,5,0.2865,124,3,89,806510.44,32,0,0,1
47508.92,2,0.154,23,1,54,598446.18,34,2,1,0
43200.62,1,0.29,108,2,86,654837.63,44,2,0,0
36994.44,0,0.3871,41,0,65,997961.83,43,0,0,0
40272.75,2,0.5054,95,3,72,1026347.16,34,1,1,0
37669.66,2,0.2687,41,0,43,323524.07,31,1,1,0
45191.0,2,0.1506,51,0,21,478269.5,52,0,1,1
81811.36,2,0.2874,35,2,29,1042775.16,42,2,0,0
13293.14,2,0.2465,96,2,26,333875.62,32,2,1,0
37926.96,1,0.5485,103,5,10,995886.6,29,2,0,1
45680.67,3,0.2979,42,1,75,1062357.32,46,0,1,0
48204.0,0,0.1242,26,0,40,511782.0,37,1,1,0
35690.45,3,0.4431,123,4,24,902595.62,34,2,0,1
19138.84,1,0.327,45,0,123,91658.73,37,1,1,0
48903.19,0,0.02,59,3,152,691847.34,39,1,1,0
91794.49,1,0.3035,38,2,18,1199119.48,35,1,0,0
21157.77,1,0.2984,91,0,37,356418.47,48,0,1,0
62238.1,3,0.5445,92,5,36,1086389.25,49,1,0,1
36394.16,3,0.1101,133,2,23,342458.42,41,2,1,0
41044.17,3,0.2167,110,2,74,365676.32,50,0,1,0
26270.34,3,0.1699,106,2,10,611720.49,36,0,1,1
36297.16,3,0.0862,62,1,105,211566.08,43,1,1,0
75736.85,1,0.1824,58,0,44,1199585.69,46,1,1,0
54841.08,0,0.3617,90,3,117,471606.64,46,1,1,0
91999.67,3,0.2415,60,3,42,1073600.53,45,0,0,1
71670.56,1,0.4995,111,3,36,763654.56,42,2,0,1
51410.05,1,0.0725,37,1,78,1079844.17,56,0,1,0
92482.11,2,0.4053,22,2,117,1382098.43,31,1,0,0
51407.89,2,0.476,85,1,106,575079.7,34,1,1,0
61242.38,5,0.1663,48,3,13,1466904.87,34,1,0,0
36921.27,1,0.4523,34,3,91,223709.05,32,1,1,0
43475.19,1,0.2022,174,1,35,973524.86,21,1,1,0
30827.4,6,0.3111,65,2,40,307025.71,50,1,0,0
65861.73,2,0.3933,29,4,34,1714542.85,26,1,0,1
24828.89,5,0.2964,45,1,29,102628.2,38,1,0,0
59997.47,1,0.0949,55,3,37,1041551.26,22,1,0,0
38723.7,2,0.1688,84,1,23,733208.41,42,1,1,0
71472.01,2,0.2271,45,2,91,1276147.61,28,1,0,0
59153.5,1,0.4164,59,3,64,1393678.18,25,1,1,0
95730.36,0,0.111,74,1,49,640621.46,38,0,1,0
58621.02,2,0.3847,81,1,34,819131.68,29,2,1,0
20797.37,2,0.5453,62,4,30,514312.39,30,0,0,0
40940.34,1,0.2317,147,1,56,1037004.26,38,2,1,0
24899.34,1,0.026,91,0,50,397400.16,44,1,0,0
33415.46,0,0.4313,89,6,81,581135.2,28,0,1,1
83287.42,0,0.1765,87,4,31,1860124.79,26,1,0,1
56212.26,1,0.1738,112,0,29,1276617.0,36,1,1,0
30806.51,1,0.5099,72,2,63,779834.49,41,2,1,1
26737.63,2,0.1023,36,1,71,648456.43,51,2,0,0
42819.63,0,0.054,80,3,146,597169.4,25,2,1,0
24405.11,2,0.1992,85,3,13,478195.73,33,1,0,1
31194.18,0,0.6143,121,2,94,486555.81,48,2,0,0
48552.66,2,0.1438,34,2,47,331666.87,56,1,1,0
70961.33,1,0.3146,39,3,32,1683227.12,26,2,1,0
55489.14,4,0.2228,66,0,56,1023348.8,29,0,0,0
15046.79,1,0.2797,89,3,55,81134.15,40,2,0,0
48385.96,1,0.183,31,5,32,979566.01,30,1,0,0
43582.68,2,0.1639,35,2,14,470449.97,28,0,1,0
50830.44,2,0.2941,99,1,94,287820.49,38,2,1,0
87316.47,3,0.1267,32,2,27,1620430.7,51,1,0,1
16672.95,2,0.3946,39,1,25,359685.63,23,2,0,0
32338.17,0,0.1306,102,2,29,530825.29,51,0,1,0
55045.08,1,0.5834,88,1,69,227642.17,30,1,1,0
20708.15,1,0.3096,45,3,35,369540.74,39,2,1,0
81975.61,2,0.4158,83,2,29,340905.24,52,0,0,1
49799.51,1,0.2688,75,0,54,1306430.42,39,2,0,0
61757.01,2,0.2023,61,0,50,643219.27,33,1,1,0
32632.87,5,0.1779,52,0,30,812694.17,43,0,0,0
60851.62,3,0.2992,81,3,13,261091.34,34,1,0,0
68241.78,1,0.2219,33,3,68,432188.56,41,0,0,0
46854.16,1,0.4184,81,4,50,695025.23,34,2,1,1
46886.28,3,0.3932,71,4,10,1041183.82,45,2,1,0
47650.79,3,0.377,74,3,102,1268534.55,22,1,1,1
28609.51,0,0.3875,39,2,10,472236.54,26,1,0,0
39482.47,1,0.3373,122,5,26,494757.11,22,1,0,0
39393.84,2,0.2164,46,0,27,199699.57,35,1,0,1
50137.64,3,0.1582,49,1,30,902930.07,21,2,0,0
66165.93,2,0.1778,59,3,29,868166.46,29,0,0,0
26203.77,2,0.3314,88,3,19,676560.6,25,1,0,0
39884.61,0,0.1222,73,0,47,619065.91,51,0,1,0
82178.99,2,0.34,26,2,74,1838403.88,26,1,0,0
30193.6,2,0.0943,64,1,47,735427.13,23,2,1,1
29143.51,2,0.33,67,1,52,185313.74,38,0,0,1
46213.99,4,0.2712,124,1,35,673814.33,53,0,1,0
61695.94,2,0.145,55,0,46,1570113.34,35,0,0,0
42410.1,0,0.0961,84,6,54,601668.94,36,0,1,0
76728.79,1,0.4974,214,0,64,1347641.64,49,1,1,0
62041.41,1,0.279,113,3,28,1548211.96,45,2,0,0
61624.76,1,0.1314,37,1,26,590503.62,40,1,0,0
54141.29,1,0.4924,94,4,8,1378976.53,30,0,1,1
120263.91,0,0.4226,81,5,118,1627012.27,41,1,0,0
38471.66,2,0.3525,54,1,114,701446.14,22,2,0,0
17127.06,0,0.1135,94,1,41,203348.69,30,1,0,1
86847.98,0,0.1589,37,0,43,1446093.25,50,0,1,0
34338.94,1,0.0321,46,1,98,177973.89,49,2,0,0
44291.42,2,0.1245,60,4,19,246536.63,40,0,0,0
76061.52,2,0.2135,53,1,24,1061312.77,21,2,1,0
20516.47,1,0.27,89,2,101,246994.61,24,2,0,0
24022.8,1,0.3547,64,1,35,451124.29,29,2,1,1
20525.53,2,0.1437,50,2,22,100777.17,34,0,0,0
29514.55,2,0.0502,112,1,56,236826.17,23,0,1,0
51422.78,4,0.0957,88,1,28,464358.24,34,2,0,0
53417.01,2,0.3596,29,2,91,778382.13,54,1,0,1
47778.13,2,0.4551,28,3,46,474151.85,40,1,0,0
22342.71,2,0.2035,50,1,29,163189.02,38,1,0,0
14919.93,3,0.2319,31,3,30,273657.97,26,0,1,1
43237.31,0,0.4237,103,0,54,944861.85,21,1,0,0
34122.11,2,0.2243,47,0,38,697675.42,24,2,1,0
51881.81,0,0.1867,84,4,35,551416.64,21,1,1,0
57865.64,2,0.3714,163,1,66,1418094.61,37,1,1,0
44900.7,2,0.3818,93,3,98,838912.64,40,2,0,0
59400.62,2,0.2184,20,1,61,1113880.41,26,1,0,0
46776.92,2,0.3714,48,0,27,426061.13,37,0,1,0
53558.46,1,0.1472,58,2,21,525575.06,51,1,0,0
30727.0,1,0.2421,75,1,64,473011.6,56,0,1,0
38916.55,1,0.2813,101,3,61,377790.37,44,0,1,0
46099.12,1,0.1312,178,1,33,945671.25,34,1,1,0
61037.14,1,0.1519,140,0,38,696147.4,43,0,0,0
35341.62,1,0.1835,63,2,28,270221.56,50,0,1,0
53344.45,2,0.3426,63,2,21,407484.0,21,1,0,0
37435.42,2,0.4385,133,1,29,264049.47,51,0,1,0
40018.86,2,0.4388,65,2,6,582434.51,31,1,0,0
61284.58,1,0.3928,48,2,82,249609.7,31,0,0,1
17207.88,1,0.1699,104,1,17,292825.41,32,1,1,0
23543.09,0,0.5355,76,2,42,262723.65,39,2,0,0
21655.54,6,0.0331,28,0,9,373763.61,25,0,0,1
14762.9,0,0.3785,55,2,59,390481.88,33,2,1,1
31094.34,2,0.3125,31,3,70,772916.38,41,0,1,1
59115.31,1,0.0812,13,1,44,1054281.16,38,0,1,0
37115.95,2,0.2069,149,2,40,520873.69,40,1,0,0
46120.16,0,0.2722,69,3,28,957487.08,33,0,0,1
68881.84,1,0.0989,56,3,81,1801628.26,43,0,0,1
76684.8,0,0.2404,50,3,14,1207718.82,47,2,0,0
40900.11,1,0.1182,66,2,32,261081.14,46,2,1,0
77583.78,1,0.2856,49,1,26,1736799.54,40,2,0,0
43978.54,1,0.3031,38,1,25,186974.74,45,2,0,0
28945.52,0,0.0692,51,0,80,646970.73,45,1,1,0
32290.23,0,0.2449,126,3,39,194968.33,63,0,1,0
21671.61,1,0.3382,103,3,27,142139.73,48,0,0,0
28292.15,4,0.0378,51,0,51,643956.7,35,1,0,0
35914.36,4,0.3179,157,2,49,737986.97,27,2,0,1
60573.53,2,0.3594,63,0,69,1059169.05,33,0,0,0
91523.08,1,0.511,42,5,54,2168551.86,33,0,0,1
22652.34,2,0.3026,78,2,40,553461.03,41,1,0,1
50350.93,1,0.117,136,1,42,754271.74,29,2,1,0
26416.79,4,0.2808,123,4,14,737323.59,48,1,1,0
52240.52,1,0.293,44,1,53,657285.95,22,2,1,0
39775.68,0,0.3798,34,0,23,322826.85,21,1,1,0
18510.48,1,0.468,54,1,48,449868.26,35,1,0,0
64070.14,1,0.2676,85,2,97,895296.02,28,1,1,0
32136.56,3,0.2377,96,0,44,803028.15,23,2,1,1
33181.4,1,0.2641,115,1,34,181435.66,30,2,0,0
26071.85,1,0.2147,71,5,34,173775.41,28,1,0,1
31431.71,1,0.298,72,5,52,156106.97,36,0,0,1
51151.68,1,0.1192,70,2,47,943659.73,30,0,1,0
38748.22,2,0.3758,107,1,61,928590.98,31,0,1,1
48917.86,4,0.3171,97,1,29,668406.77,36,0,1,0
49655.52,1,0.2774,43,3,38,306706.79,46,0,1,0
76442.78,2,0.1218,91,3,67,990946.99,51,1,0,0
36161.35,1,0.1047,104,0,70,446705.07,37,2,0,0
21707.52,2,0.4174,108,4,70,422066.37,38,2,1,0
68203.43,2,0.5153,76,7,63,1340309.13,34,2,1,0
36345.67,1,0.3082,74,1,64,235249.86,41,2,1,0
69672.89,1,0.5594,64,7,48,981289.92,40,2,0,0
50137.26,2,0.398,68,2,17,973683.05,49,0,0,1
39774.77,1,0.1296,145,3,18,406206.58,21,0,1,0
49362.64,2,0.2768,69,3,44,679719.95,34,0,0,0
101514.37,0,0.2008,45,3,45,1901230.0,39,2,0,0
107434.99,3,0.3157,77,2,25,1468517.85,36,0,1,0
43530.69,1,0.2568,95,1,26,206364.35,27,1,1,0
45346.39,0,0.3474,106,2,40,423661.49,23,1,0,1
68480.76,3,0.3628,37,1,128,1549441.64,44,1,1,1
28838.1,1,0.1624,130,1,22,287345.6,28,1,1,0
49015.0,0,0.2464,94,0,33,1157983.05,21,2,0,0
41704.39,2,0.289,127,3,69,634148.13,45,1,0,0
48594.16,0,0.3275,30,2,62,745925.61,41,2,0,0
28998.05,0,0.4309,110,4,50,652235.54,35,0,1,1
20633.98,2,0.1205,36,2,12,272348.85,27,2,0,0
16599.99,0,0.1446,57,3,36,161410.58,35,1,1,1
25518.96,3,0.1404,95,2,109,166403.48,48,0,0,0
34323.86,1,0.414,35,4,25,690796.48,21,2,1,1
36977.46,1,0.3462,49,3,24,564964.58,21,2,1,0
100886.76,0,0.1482,30,0,95,2363349.65,30,2,0,0
69403.81,1,0.2507,94,5,40,1039960.06,36,2,0,0
27366.06,1,0.0672,42,1,12,381905.91,31,1,1,0
49338.93,1,0.0853,67,3,20,551236.78,42,0,1,0
35130.14,1,0.1171,81,2,29,308662.88,47,0,1,1
37124.64,2,0.396,77,4,49,888410.79,39,2,0,0
45862.2,5,0.3561,73,4,37,288247.27,42,2,1,1
55749.68,3,0.1526,73,3,24,1430038.76,39,2,0,0
36218.8,0,0.1731,31,1,38,168266.03,36,2,1,0
68100.05,1,0.1108,59,0,25,1125970.0,23,1,1,0
25238.55,4,0.1268,73,2,113,136285.27,26,0,0,0
42313.12,4,0.1667,69,2,19,960955.2,22,0,0,1
135801.99,1,0.2847,62,2,31,1232527.57,35,1,1,0
46648.03,3,0.2421,46,2,29,820172.2,38,2,1,0
80414.24,2,0.0423,76,0,29,2090344.51,22,0,0,0
43966.54,0,0.122,83,0,21,860962.14,37,2,1,0
54794.75,2,0.3232,53,2,91,453682.96,27,1,0,0
41128.13,2,0.2748,106,1,134,950893.29,25,0,1,0
39078.06,1,0.1781,132,1,52,570364.31,30,2,1,0
29709.82,1,0.3121,67,3,50,128234.77,25,1,0,1
51207.21,1,0.1745,43,0,14,803049.86,42,2,0,0
28761.94,0,0.3645,34,1,89,675895.01,34,1,1,1
56926.34,4,0.2965,56,3,25,815127.24,44,1,1,1
68760.12,1,0.1883,65,3,13,1526630.89,32,0,1,0
49758.63,2,0.5728,33,4,58,1041578.49,32,1,0,0
37093.17,2,0.2268,56,2,76,555132.47,55,2,0,0
51755.42,1,0.4039,103,1,89,608580.75,21,2,0,0
36720.74,1,0.3845,18,1,32,787181.14,49,2,1,0
64279.51,0,0.1127,69,2,29,826251.53,53,0,1,0
18506.31,3,0.1687,49,3,47,149569.71,44,2,0,1
36278.36,0,0.463,66,3,37,424482.69,33,0,0,0
17225.3,1,0.1871,135,1,59,431392.87,50,0,0,0
21530.43,2,0.2872,64,0,48,232557.48,33,2,1,0
77943.38,0,0.1553,60,2,24,751300.4,29,2,1,1
63122.54,2,0.3223,91,1,91,454613.71,32,2,1,0
30522.94,2,0.1583,76,3,59,162512.33,30,2,0,0
21458.44,3,0.3784,70,1,75,588832.9,27,0,0,1
12000.0,1,0.3032,78,2,24,202591.73,47,0,0,0
33038.44,0,0.326,117,1,58,710705.32,28,0,0,0
125390.33,0,0.4207,100,2,67,2827722.71,36,1,0,0
51312.92,2,0.2857,57,1,47,639133.66,22,1,0,0
32800.28,0,0.2033,132,5,21,760105.33,36,0,0,0
52014.93,2,0.0974,51,1,44,1408336.61,24,1,1,1
20901.34,0,0.3775,69,1,64,455697.05,24,1,0,1
36908.77,0,0.4231,73,1,78,778095.75,35,2,0,0
44124.25,1,0.5264,56,1,15,634224.84,47,1,0,0
40589.09,2,0.3471,125,0,46,981918.51,40,0,1,0
60226.2,3,0.1223,55,1,17,369312.9,41,1,0,0
49270.97,1,0.4857,62,1,64,1083587.34,35,1,1,0
56996.59,3,0.186,107,1,74,723163.89,33,0,0,0
30953.22,1,0.186,52,0,23,544262.13,44,0,0,0
63197.3,1,0.3193,32,2,20,1607178.9,30,2,1,0
87817.99,1,0.1672,70,1,29,1626430.35,44,2,1,0
27267.01,1,0.3321,38,3,38,125808.79,48,0,1,0
28297.73,1,0.1993,36,1,26,603944.82,28,1,0,0
76964.76,2,0.4306,19,3,67,2023910.63,29,1,0,0
38711.62,2,0.3515,20,5,78,751326.3,31,0,1,1
79357.61,0,0.1122,21,3,45,1958076.17,21,0,0,1
34574.06,0,0.3756,140,0,27,823108.01,31,2,0,0
81208.12,0,0.2194,21,2,37,2003486.71,49,1,0,0
44764.41,2,0.5575,37,3,45,548740.44,26,0,1,1
47391.73,1,0.2087,62,1,36,728881.2,49,2,1,0
85316.5,2,0.3281,89,0,40,2077695.93,32,1,0,0
35853.74,0,0.2404,93,3,75,926803.72,57,1,1,1
27625.51,2,0.161,43,0,26,207859.78,29,0,1,0
34480.39,0,0.2318,69,0,118,288144.95,35,0,1,0
51717.44,0,0.3673,61,1,46,637361.06,27,0,0,0
20856.24,3,0.2153,67,1,35,468997.33,29,2,0,0
56210.67,2,0.1491,71,1,25,1405241.37,49,1,1,0
33108.75,1,0.3458,81,0,27,593499.64,41,2,1,0
70722.26,4,0.1728,49,0,42,475143.01,46,0,1,0
14365.47,2,0.3643,115,3,46,162185.57,23,2,1,0
29615.27,1,0.322,150,2,34,727604.32,43,1,1,0
19753.57,0,0.2804,55,0,17,243785.07,26,1,1,1
29091.37,1,0.3765,174,1,42,188144.75,23,1,1,0
47166.99,0,0.4901,50,4,27,530611.86,38,1,0,1
38923.29,1,0.3047,69,1,12,909285.08,38,0,0,0
37645.93,2,0.1865,62,1,60,596443.6,37,0,0,0
39275.92,4,0.4235,68,1,14,318831.94,43,2,0,0
46236.5,1,0.3555,109,3,33,531866.59,45,0,1,0
26800.04,4,0.3184,60,1,39,720544.64,51,0,0,0
57993.28,2,0.0782,35,3,84,833188.21,24,2,0,0
56851.6,1,0.3597,48,2,13,829941.42,51,0,1,0
50174.74,2,0.2331,60,1,64,385024.45,55,1,0,0
54200.21,2,0.0393,72,2,69,612966.61,32,2,0,0
48213.2,4,0.02,43,1,99,1135539.79,21,2,0,0
105427.94,2,0.1715,46,1,77,2411007.93,22,0,0,0
40570.95,1,0.0418,74,1,40,586330.23,31,1,0,0
36747.03,2,0.2729,75,2,65,935125.59,56,1,1,0
30058.86,1,0.0765,101,1,87,394558.97,36,1,0,0
26515.42,4,0.2088,48,1,10,656095.21,30,2,0,0
24100.5,3,0.1947,85,1,17,114659.87,29,2,0,0
28283.71,1,0.1383,62,3,48,348837.87,23,0,1,0
40871.73,0,0.1934,51,0,69,1002241.91,45,0,1,0
49042.02,0,0.1898,63,0,59,1257017.14,35,2,0,0
43174.87,2,0.3998,67,2,51,956503.74,57,1,0,0
29896.87,1,0.5243,33,1,98,600232.9,42,2,0,1
63264.72,2,0.4351,34,2,34,1491283.36,44,0,0,1
58849.33,2,0.1094,90,0,26,1234741.1,34,0,1,0
39267.73,3,0.3847,54,1,30,396655.2,25,1,0,0
31451.05,4,0.4302,73,0,49,477731.6,27,2,1,0
54002.87,2,0.0561,89,1,39,1072330.77,22,0,0,0
45916.88,3,0.1792,63,0,71,831429.19,45,2,1,0
21989.99,0,0.3627,86,2,27,555078.92,32,1,1,0
40921.42,4,0.162,67,3,53,629055.15,46,0,0,0
47472.99,1,0.4183,69,1,65,392682.16,37,1,1,1
28145.35,0,0.3164,113,2,87,257529.05,33,0,0,0
45955.53,1,0.3352,59,4,19,1116965.65,24,1,0,1
21923.84,0,0.4723,91,7,30,92284.08,39,0,0,0
76978.68,1,0.4048,29,2,38,1913622.85,34,1,0,1
73982.03,1,0.1054,71,0,16,394628.58,45,0,0,0
37660.5,2,0.1618,127,2,51,504643.35,29,2,1,0
49689.77,1,0.2898,180,0,50,1153012.94,42,2,1,0
14264.58,5,0.1518,30,0,48,196605.47,52,1,1,1
25075.42,1,0.3137,54,1,36,595199.22,39,1,0,0
36967.69,3,0.3125,38,0,81,236858.33,44,2,1,1
26043.93,0,0.1062,61,1,30,423917.46,42,0,1,0
58190.56,2,0.2837,98,1,77,1046229.98,55,2,1,0
103650.86,1,0.1468,115,2,30,2630746.61,40,1,1,0
24847.77,1,0.1876,117,2,19,155221.89,43,2,1,0
28944.67,1,0.2863,29,5,40,350995.16,36,0,0,1
46908.39,1,0.3976,66,0,45,929928.48,28,0,1,0
87116.56,2,0.1155,47,0,53,2397301.54,24,0,1,0
24341.34,2,0.3909,59,1,8,592920.65,49,0,1,1
47196.09,0,0.3094,51,1,34,1147614.45,26,0,0,0
95758.48,1,0.2852,30,1,113,1571624.65,43,2,1,0
20064.52,0,0.2039,115,1,29,351995.47,40,0,1,0
23706.84,3,0.2938,44,3,69,583328.64,45,0,0,1
34869.82,2,0.1266,48,2,176,867247.83,31,0,0,0
33380.77,0,0.1979,127,1,125,776256.07,28,1,0,0
60819.79,2,0.3891,27,1,21,1438127.26,40,1,1,1
47039.68,3,0.3052,80,0,66,1181219.0,33,0,0,0
18982.39,3,0.3233,105,2,69,127766.04,24,2,0,0
53206.44,1,0.6614,122,2,60,586512.92,55,2,0,0
32536.16,1,0.1886,78,2,19,892360.43,28,0,0,1
74869.45,0,0.3336,92,1,47,1278368.04,26,2,0,0
31811.58,0,0.1193,105,3,47,261972.57,34,1,0,0
31682.61,1,0.4799,61,1,17,509245.16,49,1,1,0
53825.86,0,0.231,40,1,35,1049540.69,21,2,0,0
59475.33,1,0.2626,132,0,49,1420111.99,48,2,0,0
51618.98,3,0.0607,87,1,40,1212645.54,27,1,1,1
19761.31,2,0.2436,66,1,63,102399.07,39,1,1,1
53750.89,3,0.1114,31,1,34,800060.48,29,0,0,0
26491.03,3,0.5535,16,2,45,119041.6,56,1,0,0
46904.75,0,0.2245,80,1,72,1187428.81,37,1,1,0
22232.7,1,0.1408,16,1,106,181724.45,29,0,1,1
51577.71,3,0.2367,66,1,18,979821.46,33,2,0,1
29349.49,2,0.1647,45,2,61,519334.58,37,2,1,0
23690.14,1,0.0221,51,4,31,450413.77,38,0,0,1
58175.47,5,0.2462,117,3,53,1019350.52,40,2,0,0
47039.36,3,0.118,45,0,18,996017.5,36,2,0,0
32007.02,1,0.2503,68,2,82,608985.96,22,0,1,0
81066.94,1,0.4594,45,2,25,499956.5,33,1,0,0
34603.37,3,0.3865,76,1,73,443007.28,42,2,0,0
42806.64,1,0.4308,71,5,19,732774.4,29,2,1,0
47620.14,1,0.2816,66,3,15,562143.28,43,0,0,1
31925.18,0,0.2425,105,1,37,710269.54,36,1,0,0
52156.88,4,0.0894,27,0,48,606560.76,34,2,1,0
33188.09,6,0.32,23,2,131,792811.11,48,2,1,0
35058.13,4,0.4526,34,0,47,263693.54,21,0,0,0
77900.62,1,0.2732,71,1,21,1750070.26,29,1,0,0
26416.29,1,0.6277,82,0,66,221980.62,48,2,1,0
14246.25,1,0.2678,10,3,90,237518.67,54,0,0,0
87109.54,1,0.4244,82,1,24,1018535.66,59,1,1,0
132879.45,2,0.1875,143,2,71,2564045.32,37,1,0,0
35158.75,2,0.1927,55,1,84,320147.5,41,1,1,0
17648.8,1,0.1688,133,0,67,407507.78,44,2,1,0
36690.83,2,0.1514,79,1,28,651849.8,49,0,1,0
37093.6,3,0.4482,126,3,48,1000583.32,39,2,1,1
38736.37,2,0.0859,115,3,53,816659.08,45,0,0,1
25564.89,1,0.133,55,1,81,474931.65,41,2,1,1
54764.78,1,0.5685,98,1,29,1308867.69,41,1,0,0
53424.69,1,0.3997,55,1,72,495374.13,27,0,0,0
21536.78,2,0.2068,142,1,39,413200.77,33,2,1,0
57793.9,3,0.301,57,2,34,772686.68,31,2,0,0
106266.81,1,0.2251,84,2,44,2322034.21,24,1,0,0
45587.2,3,0.4021,155,3,7,209120.58,21,0,1,0
36250.33,3,0.1556,86,0,9,517114.19,32,1,0,0
39580.77,2,0.1352,52,0,11,777399.7,33,2,1,0
55651.57,2,0.1982,32,0,55,837853.52,37,0,1,0
19364.52,1,0.4395,27,0,36,188055.01,42,2,1,0
45432.17,1,0.0928,82,0,28,688042.2,38,0,1,0
35393.77,2,0.3913,63,5,41,863391.09,33,2,0,1
96908.38,3,0.2395,34,1,73,868699.92,27,1,1,0
39011.91,1,0.167,93,3,40,499825.74,45,0,1,0
89370.81,2,0.4492,93,1,21,2481653.41,35,2,0,0
25676.12,2,0.1305,62,0,143,665206.98,32,0,0,0
54954.82,1,0.3922,129,0,43,264620.65,34,2,0,0
48714.41,1,0.3888,24,1,84,814893.02,29,0,1,0
28536.2,1,0.2592,53,1,67,158944.14,31,0,0,0
45698.84,3,0.6289,86,4,32,1196108.63,30,2,0,0
72811.81,1,0.1088,36,2,105,1062839.7,33,1,1,0
36471.77,3,0.1512,98,1,29,512154.35,43,0,1,1
19704.79,0,0.3348,112,0,54,207899.38,40,1,0,0
41860.45,1,0.4406,13,2,50,738906.23,51,0,0,1
28110.81,1,0.5308,131,2,53,210268.02,48,2,1,0
36168.6,1,0.4628,83,1,95,838204.38,56,0,1,0
40671.61,5,0.3493,49,2,43,642165.96,42,1,1,0
19583.77,2,0.47,28,2,48,344578.6,41,0,1,0
20393.14,1,0.0756,104,1,50,493092.08,31,1,1,0
52414.06,5,0.1382,33,2,128,442561.78,44,2,1,1
33348.78,2,0.0893,83,3,81,273606.55,29,2,1,0
13304.6,2,0.2667,34,0,14,187584.74,21,1,0,0
60064.83,1,0.327,65,0,30,1373507.22,51,0,1,0
47694.26,0,0.1164,102,1,45,257791.94,24,0,0,0
30600.03,0,0.3408,50,1,94,706373.73,40,2,1,1
23328.39,0,0.2392,130,0,99,373677.86,27,0,1,0
61458.26,2,0.2435,87,3,42,1074433.17,47,1,1,0
49375.41,4,0.2983,36,2,29,866304.51,49,1,1,0
123274.77,1,0.2523,30,2,38,659275.59,41,2,0,0
50974.71,5,0.2366,42,1,46,509466.68,48,1,1,0
50234.96,4,0.0792,64,0,37,1111555.86,36,1,0,0
39139.3,1,0.107,136,2,85,543818.5,58,2,0,0
60934.16,1,0.0736,149,2,34,1063447.71,43,2,1,0
55898.25,1,0.1485,49,4,24,1491189.04,27,1,0,0
74107.81,0,0.3894,48,1,38,378729.64,37,2,1,0
33369.74,0,0.1433,94,0,52,493616.12,34,1,0,0
34685.14,2,0.199,94,1,86,439480.82,33,1,1,0
34009.79,0,0.3049,120,3,23,222926.87,21,0,1,0
60226.08,1,0.2468,122,4,52,1615207.14,40,2,1,0
82807.05,3,0.1773,41,1,53,2242003.41,22,2,0,1
34321.31,1,0.3157,26,3,59,393861.62,21,0,1,0
34851.51,4,0.2973,87,1,34,931274.2,33,0,0,0
48597.86,2,0.3907,73,4,58,235416.12,28,2,0,0
37775.17,2,0.1691,18,0,66,1040385.03,27,0,1,0
64758.75,3,0.1884,26,1,34,1558248.96,21,1,0,0
15316.72,1,0.2415,85,3,48,140054.93,27,2,1,0
29085.14,2,0.1522,61,1,39,534850.5,34,1,0,0
29670.62,1,0.0354,86,1,27,687147.4,30,0,1,0
14851.26,1,0.3083,35,1,18,173212.81,40,1,0,0
27347.02,0,0.4641,89,2,29,341565.41,50,1,0,1
27950.2,2,0.2344,77,0,31,533718.82,41,1,0,0
38541.96,2,0.2338,93,2,18,290230.9,46,2,0,0
69621.91,4,0.1624,51,0,56,476008.83,47,2,0,0
37787.09,1,0.4471,45,0,69,377694.28,26,0,1,0
26532.72,1,0.059,28,1,39,578154.09,40,2,0,0
41124.96,0,0.4251,55,2,42,526332.89,46,0,0,0
67651.72,1,0.4255,109,1,32,1094374.71,32,2,1,0
27195.82,3,0.237,124,1,41,236353.79,28,0,1,0
28007.88,2,0.1576,33,2,58,242507.27,41,1,0,0
54249.39,1,0.3611,64,3,52,1063875.58,21,1,0,0
38189.23,1,0.3549,137,3,40,252087.32,25,0,0,0
56464.54,2,0.2771,147,1,31,1130881.83,29,2,1,0
41934.28,0,0.0691,54,0,66,571012.59,41,0,1,0
57858.09,0,0.4834,114,6,33,1163555.32,38,0,0,0
26481.85,1,0.21,105,0,19,348541.06,46,1,0,0
41963.77,1,0.3183,100,2,47,1019940.02,27,1,1,1
38376.07,0,0.0507,24,0,13,204672.96,26,0,1,0
24412.46,1,0.0658,47,1,51,621031.97,41,0,1,1
20877.66,0,0.0875,60,2,53,218127.03,28,0,1,0
57445.22,0,0.33,59,3,29,288433.2,30,2,0,0
36028.71,4,0.4356,63,3,32,630419.8,21,1,1,1
26634.8,1,0.0637,155,3,71,249954.31,39,0,0,0
40405.43,2,0.2657,55,2,121,606924.92,51,1,0,0
70095.12,1,0.4642,79,4,43,1630099.98,26,2,0,0
15118.4,4,0.0415,78,1,9,347679.74,46,2,1,1
21515.15,3,0.4754,64,1,29,396077.87,35,0,1,1
27853.14,2,0.02,34,0,53,765095.92,21,1,0,1
81432.56,0,0.262,68,2,40,1232076.8,27,0,0,0
47914.05,2,0.1465,18,1,51,236950.39,26,0,0,0
59592.96,2,0.2175,83,5,47,1410339.17,33,2,0,1
25258.74,0,0.2895,16,1,47,235185.48,40,2,1,0
25494.27,1,0.3955,79,1,10,209810.96,54,0,1,0
51612.35,3,0.4886,46,2,32,293170.41,22,2,0,0
43313.66,2,0.3767,37,3,30,514115.82,31,2,1,0
54010.43,3,0.23,95,4,29,638825.39,27,2,1,0
38775.66,1,0.126,52,1,61,436866.64,23,2,1,0
47818.35,1,0.2026,66,2,20,872045.53,37,1,1,0
45304.14,2,0.1589,24,2,10,998367.77,36,2,0,0
59873.86,0,0.3187,129,0,29,1587040.61,21,0,0,0
60666.91,1,0.0615,70,0,25,379605.12,36,1,1,0
20354.51,4,0.1904,70,3,44,154880.78,24,0,1,0
15347.83,1,0.159,116,3,25,278658.52,36,2,0,1
66223.15,2,0.3035,84,2,36,420864.98,49,0,0,0
72003.95,0,0.4883,12,0,33,928731.66,41,1,0,0
26654.67,0,0.2613,135,0,84,506152.28,38,2,1,0
18271.07,2,0.2071,54,3,26,415357.65,31,0,1,1
44115.46,1,0.5432,131,3,59,406849.71,37,0,1,0
64143.45,1,0.2219,53,4,40,1284899.29,42,0,0,0
94742.46,1,0.1402,47,2,72,1847560.57,41,2,0,0
53227.68,1,0.0819,81,2,98,1311039.74,35,0,1,0
35693.63,0,0.2149,170,2,40,411545.39,38,1,1,0
28228.61,2,0.3586,114,3,13,621091.62,23,1,0,0
42410.58,4,0.2552,86,3,20,935068.28,29,2,1,0
36876.54,3,0.1395,81,2,17,359202.18,43,2,0,0
26721.38,0,0.1395,68,2,32,505242.28,44,0,1,0
106079.07,1,0.3685,128,0,29,2143209.88,37,2,1,0
94214.16,1,0.3725,96,1,48,997377.67,51,2,0,0
70348.86,1,0.2386,28,0,69,1044202.24,41,2,0,0
27878.67,3,0.2652,37,2,12,403088.43,34,1,0,1
61991.88,2,0.3678,87,1,42,1398799.03,24,0,1,0
56265.22,1,0.2078,34,1,26,225994.33,50,2,0,0
51490.14,1,0.2994,69,1,43,825110.82,44,1,1,0
74039.16,2,0.2535,100,0,32,623719.14,54,0,0,0
56157.58,1,0.4742,82,0,62,1096432.3,58,0,0,0
58865.26,2,0.4959,31,3,21,1196663.23,23,0,1,1
56196.39,0,0.0432,39,2,27,900661.6,23,1,1,0
49185.6,2,0.1696,83,1,38,836583.52,21,0,0,0
18908.65,2,0.1423,161,1,34,218610.45,45,1,1,0
43810.53,2,0.4053,62,2,38,504686.11,43,2,1,0
32850.22,1,0.3038,102,2,14,718855.03,37,0,1,0
23719.95,2,0.2985,82,3,90,169871.64,24,0,0,0
89932.75,1,0.3488,46,1,30,2024933.02,35,0,0,0
91862.48,0,0.6165,102,5,22,1811557.07,38,1,0,0
77780.75,2,0.1365,24,2,39,1962205.54,44,2,1,1
47327.46,2,0.1779,99,5,42,484797.58,39,1,1,0
77480.48,1,0.141,84,2,112,1251177.81,43,2,1,0
42422.07,3,0.13,48,0,75,209384.64,35,2,1,0
46224.2,0,0.1565,35,2,33,1197214.1,48,0,1,0
25795.05,3,0.1815,50,3,101,521302.35,42,1,1,0
50445.36,3,0.1564,44,1,90,955889.46,24,1,0,0
43354.84,2,0.3696,57,1,22,935794.35,50,1,0,0
23477.71,1,0.2291,53,0,126,254120.16,48,0,0,0
41231.64,3,0.0945,48,0,31,762482.22,41,1,0,0
40705.63,1,0.1215,23,2,45,945271.27,39,1,1,0
94741.04,1,0.1329,33,4,82,584274.29,53,1,1,0
63094.95,2,0.7376,110,5,12,1704295.86,21,0,1,1
42410.47,2,0.1828,49,2,38,1077449.9,48,0,0,0
47190.8,1,0.2424,57,0,50,1279458.37,31,1,1,0
43040.45,2,0.0514,52,0,74,1007162.13,47,2,1,0
38510.6,5,0.1875,130,1,41,426060.68,37,1,1,0
25923.57,2,0.4677,43,2,12,465518.08,24,0,1,1
39419.92,1,0.1581,41,0,111,271362.74,31,0,0,0
30159.52,3,0.4532,85,6,42,666525.36,46,2,1,1
24037.2,1,0.126,72,1,51,184782.44,34,2,1,0
53106.25,6,0.2317,87,2,15,1317235.33,30,0,0,1
50315.53,0,0.2513,84,1,88,491752.15,30,1,0,0
18882.33,0,0.1506,104,2,31,148224.1,42,1,1,0
39926.36,1,0.2481,30,1,26,227648.29,54,1,0,0
66043.28,0,0.3646,81,1,77,1391714.48,21,0,0,0
67958.38,1,0.3813,42,0,16,575532.06,64,1,0,0
66944.99,4,0.4907,19,5,51,585368.87,38,2,1,0
42937.93,1,0.2168,84,2,26,346625.85,42,1,1,0
28846.09,2,0.3814,81,1,55,327088.16,32,0,0,0
25908.74,3,0.1638,65,1,63,688889.34,36,0,0,0
49270.08,0,0.5204,105,2,30,772501.6,38,0,1,0
50044.91,1,0.1257,42,0,85,513514.32,26,2,0,0
75304.79,1,0.3392,90,1,42,609168.91,28,2,1,0
69216.24,1,0.1917,60,2,112,308263.82,48,0,0,0
39755.25,1,0.1505,63,1,77,507269.93,21,2,1,0
24103.38,0,0.1031,21,1,45,160082.0,40,0,0,0
36548.74,1,0.3851,105,4,45,169889.07,32,1,1,0
46525.42,4,0.106,80,3,18,301089.84,26,1,1,0
38525.0,0,0.4099,89,7,77,448604.94,56,1,0,0
32530.96,3,0.362,39,2,28,716355.54,26,1,0,1
47277.9,2,0.2445,75,1,48,265118.84,25,1,1,0
33631.52,0,0.5123,60,5,112,682322.15,34,0,0,1
31804.73,1,0.3732,82,5,84,600887.4,28,2,0,0
48540.5,5,0.0611,73,2,23,1221655.89,36,0,0,0
35210.63,0,0.2827,142,1,42,296321.69,38,0,0,0
47091.46,2,0.3507,121,1,51,1086043.29,38,2,1,1
47712.17,0,0.1922,56,0,90,1181199.03,35,1,1,0
25267.06,1,0.2407,84,2,82,693217.5,29,1,1,0
33977.08,0,0.3105,54,2,58,795239.86,42,0,1,0
80579.51,4,0.2299,103,4,55,561674.35,35,0,1,0
25010.83,3,0.1679,61,1,42,668566.91,31,0,0,0
16276.95,0,0.1069,50,1,50,383481.92,51,1,0,0
18254.55,0,0.5028,74,2,36,166039.82,35,1,1,0
42748.93,5,0.2103,116,0,66,340484.02,47,1,0,0
42783.71,0,0.3233,107,2,57,1132653.44,48,2,0,1
40017.62,2,0.1889,52,2,75,309607.0,49,2,0,0
72866.58,2,0.3905,136,2,74,1650463.18,43,0,1,0
12672.94,1,0.2245,40,1,28,173951.63,36,2,1,1
50421.36,0,0.428,47,1,8,1077571.42,35,2,0,0
85190.67,0,0.2767,101,2,27,528559.81,34,2,0,0
25399.85,2,0.056,19,1,50,543592.38,21,2,1,1
35563.93,1,0.1468,66,0,36,579189.57,43,0,0,0
30067.46,0,0.2542,56,1,35,769999.9,38,0,0,0
28213.17,3,0.2389,140,0,26,240420.3,44,2,1,0
36431.25,1,0.4026,36,4,54,241340.46,35,1,1,0
80207.18,0,0.3885,38,1,12,698547.41,43,2,1,0
96454.24,6,0.2783,150,1,58,567711.23,22,2,0,0
36272.94,0,0.1848,57,2,59,998362.42,24,0,0,0
99436.76,0,0.0838,114,1,74,690942.16,21,1,0,0
42873.51,0,0.1415,52,0,186,378162.47,35,2,1,0
92889.04,0,0.1637,46,1,7,2176618.57,28,0,0,1
40457.84,2,0.1895,117,1,57,401426.91,27,2,0,0
44755.79,1,0.2134,168,4,64,417797.06,39,2,1,0
49734.97,2,0.1201,121,1,27,1001435.17,32,0,0,0
176395.54,1,0.2656,50,1,38,2393752.0,22,0,1,0
61887.81,2,0.0757,65,3,31,1488494.64,61,1,0,1
30691.19,1,0.1249,39,1,59,592906.68,36,2,0,1
65254.42,2,0.2199,43,1,79,712392.49,25,1,1,0
35852.74,2,0.1268,42,3,19,657903.52,29,0,1,1
33847.23,0,0.0829,53,1,54,839244.72,34,0,0,0
63504.79,1,0.4974,70,2,88,809533.09,34,1,1,0
42786.95,0,0.2917,66,0,28,927419.94,49,0,1,0
47827.65,0,0.1654,94,2,6,668630.11,35,0,1,0
42458.96,2,0.3563,72,3,24,723235.88,55,2,0,1
49092.54,2,0.3656,89,2,22,1060830.95,32,0,0,0
51084.41,2,0.244,97,0,25,278545.76,40,2,1,0
17647.77,1,0.395,51,3,111,263283.39,46,2,1,0
56951.64,4,0.1323,61,2,125,357948.12,48,1,1,0
27121.75,1,0.2362,240,0,95,580409.06,49,1,0,0
22047.74,0,0.3889,48,3,36,409809.07,33,0,1,0
41098.01,1,0.1781,92,2,97,486859.82,36,1,1,0
43817.63,1,0.4866,31,1,8,255489.9,21,1,1,1
30881.8,0,0.1854,98,2,21,809697.86,34,0,0,0
61326.32,0,0.1982,44,1,67,708937.69,47,1,1,0
23063.84,1,0.1638,67,1,30,244685.23,45,0,0,0
35132.27,1,0.1987,28,2,19,225693.88,35,0,1,0
32428.94,1,0.112,64,1,53,579066.69,53,1,1,1
41317.26,2,0.2861,65,4,54,428694.84,32,1,0,0
47833.85,4,0.3394,59,3,57,1158941.31,29,0,0,1
26807.8,3,0.1828,82,4,61,546514.61,31,0,1,1
58450.01,0,0.5102,112,0,52,239291.89,25,0,0,0
43405.92,1,0.3139,38,2,40,762910.69,42,1,0,0
18008.95,1,0.0441,60,0,44,172238.19,39,1,0,0
17476.87,0,0.2284,30,1,68,76353.16,42,0,0,0
41959.34,2,0.49,22,2,50,791555.05,32,1,1,0
38199.0,0,0.1472,72,2,32,340656.6,35,2,1,0
40273.98,1,0.0619,36,1,27,1030661.94,21,1,0,1
41664.63,3,0.4716,66,4,44,740011.27,40,1,0,1
46700.12,3,0.2534,73,1,88,421255.72,37,1,0,0
64630.54,0,0.2938,24,2,61,1777278.99,25,2,1,0
25591.17,2,0.072,79,0,91,437982.64,35,2,0,1
24899.74,2,0.3091,109,2,35,198484.13,33,0,0,0
25796.76,0,0.1815,88,1,48,423423.21,54,0,0,0
48050.72,0,0.2212,39,1,53,1298540.92,25,0,0,0
73882.13,1,0.5128,64,5,70,1047725.91,39,2,0,0
34748.69,4,0.1788,67,1,35,493719.59,25,0,1,0
13687.46,0,0.2976,61,2,61,206229.46,30,2,1,0
19598.4,1,0.2874,30,3,85,210143.56,39,0,1,0
29002.39,0,0.4156,42,4,41,228620.22,34,1,1,0
32827.5,1,0.1134,58,2,25,587424.06,36,0,0,0
35109.43,3,0.2091,73,1,87,893914.42,39,1,0,0
42931.52,3,0.0624,48,2,65,929789.93,31,1,1,0
36670.0,2,0.2007,13,1,16,231332.59,45,2,1,0
67656.78,0,0.2357,20,4,42,921510.72,33,1,0,0
31125.8,1,0.2765,50,2,114,128459.31,35,1,0,0
28622.74,1,0.2024,142,1,58,326029.35,40,2,0,0
52338.84,2,0.2361,79,1,44,1050180.8,38,2,0,0
21140.82,2,0.3902,72,1,23,231822.26,42,2,1,0
50279.93,0,0.1673,42,0,22,1215436.84,39,2,0,0
44185.37,3,0.0829,51,2,67,682982.98,41,1,1,1
39484.0,2,0.1495,19,3,24,792050.52,33,2,1,0
86225.76,0,0.2729,40,2,53,2173989.85,25,1,1,0
31888.69,0,0.154,77,2,41,650128.97,22,2,0,0
106631.49,1,0.2485,72,1,51,2722923.56,21,2,0,0
38122.34,1,0.1984,46,4,39,891817.67,54,0,0,0
23750.11,3,0.405,61,0,57,418228.62,21,0,0,0
43541.24,2,0.2438,66,0,74,484770.5,48,2,0,1
25995.78,1,0.3261,47,0,39,289993.83,28,1,0,0
30082.83,2,0.4692,81,0,70,752309.8,48,1,0,0
50446.32,2,0.1127,71,1,93,267023.52,21,2,1,1
54177.01,1,0.2236,52,0,53,1440809.66,34,1,0,0
31889.26,2,0.2648,32,1,66,377869.71,51,1,0,0
65797.18,3,0.2605,50,0,19,1429963.97,43,1,1,1
71031.48,3,0.259,48,0,40,846746.01,33,0,0,0
80526.03,3,0.0806,46,0,15,2164478.01,21,1,0,0
53542.77,1,0.1655,25,4,32,261041.17,23,2,0,0
77928.18,2,0.3304,124,3,40,972516.66,50,0,0,0
18099.52,2,0.1091,121,1,120,449213.17,33,2,1,0
36568.48,0,0.3589,60,0,27,386797.91,35,2,1,0
28562.43,2,0.329,72,1,43,303186.45,39,0,0,1
44518.12,5,0.1881,81,3,24,1138330.34,23,2,1,0
32625.45,1,0.2494,60,1,38,780856.61,40,2,1,1
39152.87,0,0.2165,75,4,57,256001.37,32,1,1,0
98417.97,1,0.2699,86,1,63,1764074.99,39,0,1,0
39090.16,1,0.1053,70,0,35,365941.94,30,0,0,0
50828.2,1,0.2729,94,0,29,465754.96,21,1,0,0
38005.22,2,0.3504,45,3,5,713346.42,32,0,0,1
43654.91,3,0.2664,64,1,100,304396.41,42,0,0,0
42306.99,1,0.2155,208,0,34,646226.35,40,2,1,0
51624.2,1,0.2552,105,3,9,523455.01,36,2,0,0
71281.24,6,0.2337,71,3,86,1745972.51,45,2,0,1
88550.41,0,0.4347,38,4,11,1532618.28,34,2,1,0
48500.48,1,0.2465,65,2,86,444391.11,37,0,0,0
55011.42,1,0.2482,101,0,15,1443234.3,31,0,1,1
25137.37,1,0.3595,91,0,18,597000.45,46,1,0,1
40556.67,0,0.1429,21,1,21,420451.52,39,1,0,0
64416.83,0,0.1845,25,0,32,1743455.87,30,0,0,0
62298.08,2,0.1995,26,2,86,649503.21,21,2,1,0
46407.87,2,0.4654,81,2,21,511574.16,47,0,0,0
62873.33,3,0.2695,26,2,57,833896.5,29,1,0,1
52619.66,0,0.2069,37,1,50,418606.48,37,1,1,0
72412.76,4,0.1771,59,1,45,1483620.69,60,1,1,0
48060.29,3,0.1789,110,0,77,835100.27,44,0,1,0
35951.85,2,0.1204,83,0,48,915589.28,52,0,1,0
49076.16,1,0.2667,55,1,50,480014.14,31,2,1,1
12000.0,2,0.2436,95,1,66,97026.5,47,2,1,0
50126.17,2,0.0815,163,3,33,631938.74,36,1,1,0
12000.0,2,0.4623,66,2,43,90079.3,40,0,0,0
19427.43,4,0.204,31,3,53,518860.61,56,1,0,1
51704.28,4,0.3618,38,1,73,1097098.71,33,0,0,0
52307.14,1,0.1883,38,3,40,1208744.81,36,0,1,1
25006.9,2,0.3233,43,1,43,548977.64,27,0,1,0
30624.45,2,0.0609,53,4,57,300966.72,45,0,0,0
78177.99,3,0.3321,74,1,40,576622.05,30,0,0,1
33934.46,2,0.3507,28,1,27,485480.23,46,0,0,1
115764.6,0,0.1565,31,3,66,2766364.13,21,2,1,0
42156.16,3,0.1255,86,2,48,503022.79,41,1,1,0
50696.71,2,0.2178,48,2,34,214422.27,30,1,1,1
87342.59,7,0.2738,40,1,21,1733004.23,43,0,1,1
44755.17,3,0.1847,57,2,11,393913.22,36,2,1,1
26874.82,0,0.0574,119,1,58,457625.68,31,0,0,0
40159.84,1,0.1745,92,2,27,174981.27,32,0,1,0
41521.85,1,0.2076,89,0,15,673168.76,27,1,0,0
22830.81,0,0.24,140,1,25,306996.86,44,2,1,0
37604.37,2,0.2904,75,1,52,944993.62,26,2,0,0
30212.58,0,0.3567,146,0,27,644238.82,33,1,1,0
63956.66,1,0.5289,152,2,53,311128.42,39,1,0,1
42854.9,2,0.2562,28,2,31,983457.35,52,0,0,1
37150.85,1,0.3638,24,0,43,854077.92,36,1,0,0
40223.96,2,0.1298,36,1,45,801334.87,34,1,1,0
46648.91,1,0.1057,113,2,64,1227012.04,39,0,1,0
55690.59,1,0.4217,57,2,65,1296370.16,21,0,0,0
26906.67,2,0.1406,53,3,44,248982.7,24,2,1,0
26404.39,3,0.3429,97,0,23,347405.23,32,0,1,0
69362.78,1,0.0316,47,1,82,859970.62,29,0,1,0
35047.11,4,0.434,71,3,34,564881.86,21,2,1,1
22301.76,3,0.0751,86,0,7,599674.96,45,2,0,1
51519.5,5,0.3989,38,2,51,967245.74,39,1,1,0
51974.91,1,0.2221,33,2,52,598259.17,37,1,0,0
21187.74,1,0.3412,66,1,35,563518.23,29,0,0,0
46782.61,1,0.2487,70,4,15,973383.03,37,2,0,0
58748.0,2,0.2783,93,1,13,610152.77,41,0,0,0
49934.82,0,0.1831,36,1,36,1286136.62,33,2,0,0
56071.99,3,0.327,43,0,22,687504.8,40,0,1,0
22428.3,3,0.5055,151,0,73,367579.02,28,1,0,0
48970.24,2,0.3538,104,1,35,759104.76,37,1,1,0
36820.91,2,0.1647,60,0,33,963497.88,47,0,1,0
33953.41,0,0.3444,112,3,113,352297.84,48,1,0,0
62426.8,5,0.1301,36,2,8,749081.82,49,2,0,0
82098.38,0,0.1288,56,1,43,1629147.42,39,0,1,0
94605.09,1,0.2193,9,0,12,2391500.88,36,2,1,0
76241.68,1,0.2114,70,3,87,515181.65,32,0,1,0
40159.71,0,0.242,53,2,14,362931.54,21,1,1,0
49450.33,1,0.2745,54,0,54,1322936.24,23,1,1,0
59579.71,1,0.3714,91,1,49,1349786.02,34,1,0,0
44557.25,1,0.252,104,1,11,548306.97,35,1,1,0
44749.87,3,0.3879,50,4,54,563098.19,50,2,1,0
61125.78,0,0.5196,29,3,30,933318.03,49,1,1,0
